{"count":1,"self":1057.1564031999999,"total":1074.5941583,"children":{"InitializeActuators":{"count":1,"self":0.0040008,"total":0.0040008,"children":null},"InitializeSensors":{"count":1,"self":0.0030001999999999997,"total":0.0030001999999999997,"children":null},"AgentSendState":{"count":53376,"self":0.5919867,"total":0.6850159,"children":{"CollectObservations":{"count":5338,"self":0.0310008,"total":0.0310008,"children":null},"WriteActionMask":{"count":5338,"self":0.006984,"total":0.006984,"children":null},"RequestDecision":{"count":5338,"self":0.0550444,"total":0.0550444,"children":null}}},"DecideAction":{"count":53376,"self":13.468876799999999,"total":13.497865299999999,"children":{"RayPerceptionSensor.Perceive":{"count":5338,"self":0.028988999999999997,"total":0.028988999999999997,"children":null}}},"AgentAct":{"count":53376,"self":3.2468535999999997,"total":3.2468535999999997,"children":null}},"gauges":{"4th_week.CumulativeReward":{"count":104,"max":156.700089,"min":-8066.215,"runningAverage":-160.100739,"value":153.200134,"weightedAverage":-77.90009}},"metadata":{"timer_format_version":"0.1.0","start_time_seconds":"1635982235","unity_version":"2019.4.31f1","command_line_arguments":"C:\\Program Files\\Unity\\Hub\\Editor\\2019.4.31f1\\Editor\\Unity.exe -projectpath C:\/Users\/kkyo\/Lecture\/AI_Game_Creation\/4th_week -useHub -hubIPC -cloudEnvironment production -hubSessionId e3ba1ba0-3cfd-11ec-8c51-1dddc7674800","communication_protocol_version":"1.5.0","com.unity.ml-agents_version":"2.1.0-exp.1","scene_name":"SampleScene","end_time_seconds":"1635983310"}}